callsign,latitude,longitude,altitude,velocity,heading,vertical_rate,timestamp,source_file
VOI3121,32.5355,-116.9302,775.0000248,127.904967442,279.9,-639.7637804999999,2026-07-13 22:36:36+00:00,opensky_states_20260713_2241.json
MLWCW,34.2184,-118.4895,,0.9913606899,354.38,,2026-07-13 22:36:59+00:00,opensky_states_20260713_2241.json
AAL2039,33.9374,-118.3825,125.000004,148.2181423625,262.64,-767.7165365999999,2026-07-13 22:37:12+00:00,opensky_states_20260713_2241.json
N1487V,32.5746,-116.9347,1675.0000536,73.9827212894,189.33,-704.72441052,2026-07-13 22:37:13+00:00,opensky_states_20260713_2241.json
N355G,32.8122,-117.1334,400.0000128,54.1166306016,297.51,-255.9055122,2026-07-13 22:37:23+00:00,opensky_states_20260713_2241.json
N970CF,33.8009,-118.3349,50.0000016,24.3563714597,289.18,0.0,2026-07-13 22:37:55+00:00,opensky_states_20260713_2241.json
AAY451,34.1978,-118.3567,,94.0043195364,90.0,,2026-07-13 22:37:59+00:00,opensky_states_20260713_2241.json
JSX177,34.1968,-118.3604,,20.0021598021,270.0,,2026-07-13 22:38:08+00:00,opensky_states_20260713_2241.json
N322PL,34.4308,-119.8427,,2.5075593921,241.88,,2026-07-13 22:38:08+00:00,opensky_states_20260713_2241.json
N7024U,33.8205,-118.1479,0.0,33.997840130099995,270.0,0.0,2026-07-13 22:38:30+00:00,opensky_states_20260713_2241.json
ASA551,32.7341,-117.2012,,0.0,165.94,,2026-07-13 22:38:34+00:00,opensky_states_20260713_2241.json
SWA3582,32.7296,-117.1776,,0.7580993511,106.88,,2026-07-13 22:38:56+00:00,opensky_states_20260713_2241.json
N69R,33.0251,-116.8357,2975.0000952,131.19006463009998,293.83,-1023.6220488,2026-07-13 22:39:09+00:00,opensky_states_20260713_2241.json
N89815,33.1295,-117.2725,250.000008,51.7840172136,259.99,-255.9055122,2026-07-13 22:39:14+00:00,opensky_states_20260713_2241.json
SWA2328,32.7314,-117.1906,,0.0,196.88,,2026-07-13 22:39:31+00:00,opensky_states_20260713_2241.json
FDY805,33.9375,-118.3814,100.0000032,90.6609070136,263.03,-448.81889831999996,2026-07-13 22:39:38+00:00,opensky_states_20260713_2241.json
VOI3191,32.5352,-116.9281,900.0000288,140.2483799535,285.72,-832.6771666200001,2026-07-13 22:39:43+00:00,opensky_states_20260713_2241.json
N608FM,33.8006,-118.3344,0.0,52.0172785524,307.97,-255.9055122,2026-07-13 22:39:50+00:00,opensky_states_20260713_2241.json
SH426,32.5621,-117.117,0.0,12.1684665074,279.46,-192.91338611999998,2026-07-13 22:40:02+00:00,opensky_states_20260713_2241.json
,32.7342,-117.2027,,2.0021598247,14.06,,2026-07-13 22:40:05+00:00,opensky_states_20260713_2241.json
,33.9037,-117.6156,1950.0000624,134.1058313651,252.65,-639.7637804999999,2026-07-13 22:40:10+00:00,opensky_states_20260713_2241.json
N869CP,33.5643,-117.1311,1300.0000416,62.37796968410001,12.03,-448.81889831999996,2026-07-13 22:40:19+00:00,opensky_states_20260713_2241.json
DAL2766,33.951,-118.4126,,96.0064793611,261.56,,2026-07-13 22:40:20+00:00,opensky_states_20260713_2241.json
N752W,33.8897,-118.2372,50.0000016,65.9935204355,270.0,-832.6771666200001,2026-07-13 22:40:24+00:00,opensky_states_20260713_2241.json
SHWK434,32.5634,-117.1176,-100.0000032,0.9913606899,90.0,-64.96063002,2026-07-13 22:40:39+00:00,opensky_states_20260713_2241.json
N23HS,33.9827,-117.6278,725.0000232,62.24190056980001,223.7,-448.81889831999996,2026-07-13 22:40:43+00:00,opensky_states_20260713_2241.json
SWA8510,32.7317,-117.1919,,0.0,196.88,,2026-07-13 22:40:45+00:00,opensky_states_20260713_2241.json
DAL540,32.736,-117.1995,,40.0043196042,286.88,,2026-07-13 22:40:49+00:00,opensky_states_20260713_2241.json
N8756C,33.9808,-117.6649,1225.0000392,80.53347722070001,335.03,448.81889831999996,2026-07-13 22:40:58+00:00,opensky_states_20260713_2241.json
N76CG,34.3349,-118.6444,2575.0000824,3.1684665187,108.43,832.6771666200001,2026-07-13 22:41:07+00:00,opensky_states_20260713_2241.json
N734NF,32.8117,-117.132,350.0000112,60.4146867492,294.44,-192.91338611999998,2026-07-13 22:41:07+00:00,opensky_states_20260713_2241.json
SWA765,32.7299,-117.1786,,2.9935205146,106.88,,2026-07-13 22:41:07+00:00,opensky_states_20260713_2241.json
EJA480,34.0195,-118.4481,,0.0,50.62,,2026-07-13 22:41:11+00:00,opensky_states_20260713_2241.json
SWA4807,32.7304,-117.1899,,0.0,16.88,,2026-07-13 22:41:11+00:00,opensky_states_20260713_2241.json
N9737V,35.4345,-119.0512,,0.0,165.94,,2026-07-13 22:41:13+00:00,opensky_states_20260713_2241.json
SWA3519,32.7307,-117.1917,,0.0,16.88,,2026-07-13 22:41:16+00:00,opensky_states_20260713_2241.json
XBBJI,32.0616,-116.8157,3475.0001112,123.4924404497,148.24,64.96063002,2026-07-13 22:41:17+00:00,opensky_states_20260713_2241.json
N2060U,33.7998,-118.3358,25.0000008,53.261339026,309.67,-383.85826829999996,2026-07-13 22:41:18+00:00,opensky_states_20260713_2241.json
N916GW,34.2844,-119.3746,1900.0000608,106.7948162806,96.99,0.0,2026-07-13 22:41:20+00:00,opensky_states_20260713_2241.json
OXF6784,33.9219,-116.7987,6500.000208,76.1598271182,273.76,255.9055122,2026-07-13 22:41:22+00:00,opensky_states_20260713_2241.json
N65V,33.7844,-118.0615,,11.0021598134,289.69,,2026-07-13 22:41:22+00:00,opensky_states_20260713_2241.json
N7876U,34.2087,-119.2447,1000.000032,83.15766728220001,356.55,192.91338611999998,2026-07-13 22:41:23+00:00,opensky_states_20260713_2241.json
N7039C,34.2192,-118.4923,,0.0,81.56,,2026-07-13 22:41:24+00:00,opensky_states_20260713_2241.json
SWA2809,32.7313,-117.1875,,7.5032397314,264.38,,2026-07-13 22:41:24+00:00,opensky_states_20260713_2241.json
N992VA,33.5233,-117.0367,3325.0001064000003,57.265658675400005,114.78,767.7165365999999,2026-07-13 22:41:24+00:00,opensky_states_20260713_2241.json
N4278Z,33.1975,-117.4793,800.0000256,91.7688983729,69.59,-255.9055122,2026-07-13 22:41:26+00:00,opensky_states_20260713_2241.json
JSX109,34.6038,-118.1891,9625.000307999999,273.12958928989997,255.15,-1279.5275609999999,2026-07-13 22:41:26+00:00,opensky_states_20260713_2241.json
SWA3539,32.7296,-117.1778,,0.0,106.88,,2026-07-13 22:41:26+00:00,opensky_states_20260713_2241.json
,33.9476,-118.4079,,0.0,264.38,,2026-07-13 22:41:26+00:00,opensky_states_20260713_2241.json
N950TR,34.2004,-118.4886,,13.995680328,0.0,,2026-07-13 22:41:27+00:00,opensky_states_20260713_2241.json
SWA4552,32.7313,-117.1901,,0.0,196.88,,2026-07-13 22:41:27+00:00,opensky_states_20260713_2241.json
EJA437,34.0196,-118.4478,,0.0,106.88,,2026-07-13 22:41:28+00:00,opensky_states_20260713_2241.json
SWA3497,32.7306,-117.1892,,0.0,312.19,,2026-07-13 22:41:28+00:00,opensky_states_20260713_2241.json
N79DM,34.0802,-115.7842,16900.0005408,279.2915763232,248.58,0.0,2026-07-13 22:41:28+00:00,opensky_states_20260713_2241.json
GXA66263,35.4282,-119.0451,,0.0,317.81,,2026-07-13 22:41:28+00:00,opensky_states_20260713_2241.json
SWA940,33.9523,-118.3999,100.0000032,125.9028076173,263.16,-704.72441052,2026-07-13 22:41:28+00:00,opensky_states_20260713_2241.json
N5283M,34.7706,-115.2046,10425.000333599999,145.0302373989,268.81,64.96063002,2026-07-13 22:41:29+00:00,opensky_states_20260713_2241.json
N760HC,34.1988,-118.3534,,7.5032397314,270.0,,2026-07-13 22:41:29+00:00,opensky_states_20260713_2241.json
N738TJ,34.258,-118.4119,,15.0064794628,123.75,,2026-07-13 22:41:29+00:00,opensky_states_20260713_2241.json
N781MM,34.9608,-116.5417,25500.000816,458.9999994237,38.54,0.0,2026-07-13 22:41:29+00:00,opensky_states_20260713_2241.json
N936JG,35.4262,-119.0413,,0.0,272.81,,2026-07-13 22:41:29+00:00,opensky_states_20260713_2241.json
N162JC,34.2094,-118.4915,,6.4924405966,354.38,,2026-07-13 22:41:29+00:00,opensky_states_20260713_2241.json
FFAB123,32.6993,-117.2102,-75.0000024,0.9913606899,180.0,-64.96063002,2026-07-13 22:41:29+00:00,opensky_states_20260713_2241.json
N916HT,35.4351,-119.054,,0.0,317.81,,2026-07-13 22:41:29+00:00,opensky_states_20260713_2241.json
C6065,33.7442,-118.2285,25.0000008,0.9913606899,0.0,0.0,2026-07-13 22:41:30+00:00,opensky_states_20260713_2241.json
WSN2,33.9549,-118.1418,2025.0000648,189.8358528934,200.34,64.96063002,2026-07-13 22:41:30+00:00,opensky_states_20260713_2241.json
UAL2683,32.8261,-115.7683,22225.000711200002,370.1274293409,308.42,-1407.4803171,2026-07-13 22:41:30+00:00,opensky_states_20260713_2241.json
N6482M,34.3855,-119.8014,1325.0000424,82.030237478,91.4,448.81889831999996,2026-07-13 22:41:30+00:00,opensky_states_20260713_2241.json
N2102P,33.8483,-118.0459,4750.000152,93.6155506384,113.28,511.8110244,2026-07-13 22:41:30+00:00,opensky_states_20260713_2241.json
N190LA,34.1208,-118.2694,950.0000304,134.8250538264,29.8,320.86614222,2026-07-13 22:41:30+00:00,opensky_states_20260713_2241.json
N452MP,32.7215,-117.1404,1075.0000344,132.570194218,286.66,-1279.5275609999999,2026-07-13 22:41:30+00:00,opensky_states_20260713_2241.json
SWA4237,35.5748,-119.2554,39175.0012536,428.0539951429,136.99,0.0,2026-07-13 22:41:30+00:00,opensky_states_20260713_2241.json
N545BC,33.751,-118.1706,2475.0000792,86.1511877968,9.35,-255.9055122,2026-07-13 22:41:30+00:00,opensky_states_20260713_2241.json
SWA4102,34.0857,-116.2788,38250.001224,491.8120944149,290.72,-64.96063002,2026-07-13 22:41:30+00:00,opensky_states_20260713_2241.json
SCX407,33.0521,-116.4173,13600.0004352,377.92224574579996,205.89,-576.77165442,2026-07-13 22:41:30+00:00,opensky_states_20260713_2241.json
SKW5464,34.4234,-119.8008,525.0000168,129.71274281770002,295.58,-704.72441052,2026-07-13 22:41:30+00:00,opensky_states_20260713_2241.json
UPS2924,35.6077,-115.3906,34125.001092,442.8855286016,228.75,-64.96063002,2026-07-13 22:41:30+00:00,opensky_states_20260713_2241.json
DAL2914,33.9612,-118.3145,1475.0000472,179.611230876,262.32,-704.72441052,2026-07-13 22:41:30+00:00,opensky_states_20260713_2241.json
N91604,33.6094,-117.4353,4525.0001448,132.1036715404,277.39,0.0,2026-07-13 22:41:30+00:00,opensky_states_20260713_2241.json
GH11,32.5562,-117.1266,350.0000112,84.2073433068,164.15,127.9527561,2026-07-13 22:41:30+00:00,opensky_states_20260713_2241.json
SWA3225,33.6446,-118.0428,17200.0005504,389.0021593388,90.15,1791.3385853999998,2026-07-13 22:41:30+00:00,opensky_states_20260713_2241.json
N6096R,33.7919,-117.6436,2750.0000880000002,70.8336932156,13.06,0.0,2026-07-13 22:41:30+00:00,opensky_states_20260713_2241.json
N925TV,34.1723,-118.5225,1150.0000367999999,102.8682504108,116.57,0.0,2026-07-13 22:41:30+00:00,opensky_states_20260713_2241.json
SKW3853,35.0589,-119.9198,18325.0005864,284.773217785,195.06,-1344.48819102,2026-07-13 22:41:30+00:00,opensky_states_20260713_2241.json
UAL1243,32.0796,-115.0223,38250.001224,505.8855285225,317.0,0.0,2026-07-13 22:41:30+00:00,opensky_states_20260713_2241.json
AAL513,33.8935,-117.964,19275.0006168,376.07559348030003,50.94,960.62992272,2026-07-13 22:41:30+00:00,opensky_states_20260713_2241.json
N213PF,34.0517,-118.3102,625.00002,124.85313159270001,125.22,-127.9527561,2026-07-13 22:41:30+00:00,opensky_states_20260713_2241.json
FFT1571,32.8344,-115.553,25400.0008128,388.3023753224,258.86,-1728.34645932,2026-07-13 22:41:30+00:00,opensky_states_20260713_2241.json
AAL352,34.0812,-116.5123,27000.000864,396.2915761763,262.61,-1088.58267882,2026-07-13 22:41:30+00:00,opensky_states_20260713_2241.json
N227TW,33.6019,-117.3436,6775.0002168,103.2375808639,248.4,-255.9055122,2026-07-13 22:41:30+00:00,opensky_states_20260713_2241.json
DAL38,34.0352,-118.2126,3375.000108,193.4902805346,128.71,-1279.5275609999999,2026-07-13 22:41:30+00:00,opensky_states_20260713_2241.json
N58GP,34.2028,-118.7766,5650.0001808,165.5572352133,100.09,64.96063002,2026-07-13 22:41:30+00:00,opensky_states_20260713_2241.json
N12577,34.0725,-118.0422,800.0000256,65.74082065180001,206.18,639.7637804999999,2026-07-13 22:41:30+00:00,opensky_states_20260713_2241.json
SWA4930,32.7304,-117.1894,,0.0,337.5,,2026-07-13 22:41:30+00:00,opensky_states_20260713_2241.json
LS30,32.6263,-117.2699,125.000004,132.0259177608,91.3,-127.9527561,2026-07-13 22:41:30+00:00,opensky_states_20260713_2241.json
N70275,32.808,-117.1583,1250.00004,80.9222461187,140.01,704.72441052,2026-07-13 22:41:30+00:00,opensky_states_20260713_2241.json
SWA4908,32.7302,-117.1802,,1.4967602573,106.88,,2026-07-13 22:41:30+00:00,opensky_states_20260713_2241.json
N513HS,34.2245,-115.0445,43400.001388799996,439.17278562570004,79.64,0.0,2026-07-13 22:41:30+00:00,opensky_states_20260713_2241.json
SKW3092,34.429,-118.9519,10250.000328,301.4708419541,146.36,-1023.6220488,2026-07-13 22:41:30+00:00,opensky_states_20260713_2241.json
N744ND,34.1905,-119.114,950.0000304,116.04751605300001,38.35,-383.85826829999996,2026-07-13 22:41:30+00:00,opensky_states_20260713_2241.json
DAL1277,33.9361,-117.2808,11625.000372,292.1987037368,229.44,-1663.3858292999998,2026-07-13 22:41:30+00:00,opensky_states_20260713_2241.json
LFG41,34.6047,-118.8005,23875.000764,386.7472997304,329.72,2879.92126422,2026-07-13 22:41:30+00:00,opensky_states_20260713_2241.json
N76015,34.155,-118.5928,4150.0001328,79.69762409,246.33,576.77165442,2026-07-13 22:41:30+00:00,opensky_states_20260713_2241.json
N971TA,33.6569,-118.0844,2875.0000919999998,93.2656586302,85.7,-448.81889831999996,2026-07-13 22:41:30+00:00,opensky_states_20260713_2241.json
N3570E,34.2864,-118.8458,3550.0001136,90.09719211150001,92.54,0.0,2026-07-13 22:41:30+00:00,opensky_states_20260713_2241.json
SWA791,34.1983,-118.3566,625.00002,156.51835833479998,167.83,383.85826829999996,2026-07-13 22:41:30+00:00,opensky_states_20260713_2241.json
N1605M,34.378,-119.4756,6825.0002184,170.475161773,112.05,-767.7165365999999,2026-07-13 22:41:30+00:00,opensky_states_20260713_2241.json
SWA3832,34.597,-119.0873,35550.0011376,434.7796970783,152.32,-2879.92126422,2026-07-13 22:41:30+00:00,opensky_states_20260713_2241.json
FFT4652,33.662,-117.8773,825.0000264,141.7645786557,206.38,3072.83465034,2026-07-13 22:41:30+00:00,opensky_states_20260713_2241.json
N5156J,34.2775,-118.637,4525.0001448,87.667386499,117.15,-832.6771666200001,2026-07-13 22:41:30+00:00,opensky_states_20260713_2241.json
,32.7319,-117.183,-75.0000024,117.4470840858,285.81,0.0,2026-07-13 22:41:30+00:00,opensky_states_20260713_2241.json
AAL1502,34.0512,-116.8228,23350.0007472,404.39740769959997,263.75,-1728.34645932,2026-07-13 22:41:30+00:00,opensky_states_20260713_2241.json
EJA667,33.8074,-115.2321,40350.0012912,478.7494594421,274.91,-64.96063002,2026-07-13 22:41:30+00:00,opensky_states_20260713_2241.json
N852MH,33.7635,-118.226,750.0000239999999,50.53995674,207.07,-639.7637804999999,2026-07-13 22:41:30+00:00,opensky_states_20260713_2241.json
N53533,33.7646,-118.0713,2975.0000952,93.18790485059999,33.18,127.9527561,2026-07-13 22:41:30+00:00,opensky_states_20260713_2241.json
LXJ455,35.162,-115.7802,42375.001356,454.89848754980005,237.11,64.96063002,2026-07-13 22:41:30+00:00,opensky_states_20260713_2241.json
SWA3870,33.5485,-117.9228,5675.0001816,250.34773186709998,225.97,3775.59055692,2026-07-13 22:41:30+00:00,opensky_states_20260713_2241.json
N220WC,33.8012,-118.1358,850.0000272,105.0064793498,89.45,-192.91338611999998,2026-07-13 22:41:30+00:00,opensky_states_20260713_2241.json
MGLRY,34.2084,-118.4915,,4.4902807719,53.44,,2026-07-13 22:41:30+00:00,opensky_states_20260713_2241.json
N1835F,35.4874,-119.2998,7800.0002496,170.9805613404,98.75,0.0,2026-07-13 22:41:30+00:00,opensky_states_20260713_2241.json
DAL2198,33.854,-118.6111,7600.0002432,283.7818570951,114.13,2112.20472762,2026-07-13 22:41:30+00:00,opensky_states_20260713_2241.json
SWA4540,34.2003,-118.5443,3550.0001136,191.9935202773,90.3,-895.6692926999999,2026-07-13 22:41:30+00:00,opensky_states_20260713_2241.json
CXK386,33.7584,-118.0494,4150.0001328,109.10799122370001,17.6,-64.96063002,2026-07-13 22:41:30+00:00,opensky_states_20260713_2241.json
ITY621,35.0071,-116.7659,31150.0009968,477.9719216461,50.35,1023.6220488,2026-07-13 22:41:30+00:00,opensky_states_20260713_2241.json
N65499,34.1348,-117.8992,2700.0000864000003,125.00863915190001,253.74,-255.9055122,2026-07-13 22:41:30+00:00,opensky_states_20260713_2241.json
N40798,34.122,-118.7326,3575.0001144000003,94.8984880018,7.87,-64.96063002,2026-07-13 22:41:30+00:00,opensky_states_20260713_2241.json
N950LA,33.9986,-118.192,450.0000144,85.6069113396,22.67,0.0,2026-07-13 22:41:30+00:00,opensky_states_20260713_2241.json
SWA2951,33.7562,-118.0769,1500.0000479999999,158.4038874901,314.49,-576.77165442,2026-07-13 22:41:30+00:00,opensky_states_20260713_2241.json
ASA502,34.2064,-118.8487,13600.0004352,320.22894128260003,142.49,-448.81889831999996,2026-07-13 22:41:30+00:00,opensky_states_20260713_2241.json
N132CA,32.8378,-117.2132,2350.0000752,82.53563704540001,289.09,383.85826829999996,2026-07-13 22:41:30+00:00,opensky_states_20260713_2241.json
SKW3842,34.7296,-119.3104,26550.000849599997,368.2807770754,144.28,-1728.34645932,2026-07-13 22:41:30+00:00,opensky_states_20260713_2241.json
N208JA,34.1471,-117.9663,3475.0001112,135.097192055,267.88,127.9527561,2026-07-13 22:41:30+00:00,opensky_states_20260713_2241.json
N960MS,34.121,-118.0142,4450.000142399999,99.0194383206,123.05,-1023.6220488,2026-07-13 22:41:30+00:00,opensky_states_20260713_2241.json
PFT144,33.7032,-117.8514,450.0000144,118.5356370002,207.65,-576.77165442,2026-07-13 22:41:30+00:00,opensky_states_20260713_2241.json
VOI3382,32.4688,-117.0878,5025.000160799999,247.3153344627,152.81,1023.6220488,2026-07-13 22:41:30+00:00,opensky_states_20260713_2241.json
PD10,34.0764,-117.6151,1900.0000608,80.7473001146,7.83,127.9527561,2026-07-13 22:41:30+00:00,opensky_states_20260713_2241.json
PAT767,34.1941,-115.5021,21200.0006784,266.3844489096,249.8,-64.96063002,2026-07-13 22:41:30+00:00,opensky_states_20260713_2241.json
N269ZR,34.6939,-117.6877,16200.0005184,364.9762414424,254.1,-2112.20472762,2026-07-13 22:41:30+00:00,opensky_states_20260713_2241.json
N497TC,33.1539,-117.2315,1450.0000464,98.2419005246,75.26,-64.96063002,2026-07-13 22:41:30+00:00,opensky_states_20260713_2241.json
N445MD,33.0335,-117.6825,18850.0006032,375.82289369660003,307.54,2944.8818942400003,2026-07-13 22:41:30+00:00,opensky_states_20260713_2241.json
N258CA,33.8054,-118.2125,4000.000128,116.1058313877,300.54,-64.96063002,2026-07-13 22:41:30+00:00,opensky_states_20260713_2241.json
N670PC,33.1732,-117.2057,1150.0000367999999,87.99784006230001,126.22,64.96063002,2026-07-13 22:41:30+00:00,opensky_states_20260713_2241.json
N292P,35.8485,-115.1763,6875.00022,207.5248377524,41.68,576.77165442,2026-07-13 22:41:30+00:00,opensky_states_20260713_2241.json
SWA3496,32.6659,-117.2994,10225.0003272,261.0194381172,127.53,2751.96850812,2026-07-13 22:41:30+00:00,opensky_states_20260713_2241.json
N96836,33.9463,-118.399,4600.000147199999,100.3995679085,326.78,0.0,2026-07-13 22:41:30+00:00,opensky_states_20260713_2241.json
N68344,33.8031,-117.4536,5675.0001816,87.861770948,131.31,-64.96063002,2026-07-13 22:41:30+00:00,opensky_states_20260713_2241.json
N747TA,33.274,-117.02,2550.0000816,102.4211661781,80.45,320.86614222,2026-07-13 22:41:30+00:00,opensky_states_20260713_2241.json
CXK360,34.21,-119.1799,525.0000168,77.11231091830001,182.97,-511.8110244,2026-07-13 22:41:30+00:00,opensky_states_20260713_2241.json
LXJ387,34.7404,-118.7899,30750.000984000002,379.438444448,350.29,1663.3858292999998,2026-07-13 22:41:30+00:00,opensky_states_20260713_2241.json
AAL2860,34.4346,-117.4068,36100.0011552,492.8812088844,290.05,0.0,2026-07-13 22:41:30+00:00,opensky_states_20260713_2241.json
N248RG,34.2433,-118.492,1475.0000472,84.2073433068,175.91,-576.77165442,2026-07-13 22:41:31+00:00,opensky_states_20260713_2241.json
TAI563,33.6201,-117.1542,37225.0011912,420.7257014156,135.1,-64.96063002,2026-07-13 22:41:31+00:00,opensky_states_20260713_2241.json
SWA193,35.0266,-115.4576,37625.001204,469.3606905554,260.56,-832.6771666200001,2026-07-13 22:41:31+00:00,opensky_states_20260713_2241.json
N325VT,35.9887,-115.1352,2550.0000816,89.0086391971,179.36,-639.7637804999999,2026-07-13 22:41:31+00:00,opensky_states_20260713_2241.json
JBU624,34.5745,-117.053,28450.0009104,448.1339087246,50.34,448.81889831999996,2026-07-13 22:41:31+00:00,opensky_states_20260713_2241.json
N947HH,34.0333,-118.448,1750.0000559999999,78.2397407225,38.77,-448.81889831999996,2026-07-13 22:41:31+00:00,opensky_states_20260713_2241.json
N370BM,34.5957,-118.5258,11550.0003696,180.2332611128,154.0,0.0,2026-07-13 22:41:31+00:00,opensky_states_20260713_2241.json
SWA955,33.9193,-118.8625,16450.0005264,372.82937318200004,281.76,2879.92126422,2026-07-13 22:41:31+00:00,opensky_states_20260713_2241.json
SWA2414,35.1303,-116.3669,25425.0008136,454.85961066,46.69,255.9055122,2026-07-13 22:41:31+00:00,opensky_states_20260713_2241.json
N6382D,34.8533,-118.5529,9925.0003176,87.9784016174,148.48,-192.91338611999998,2026-07-13 22:41:31+00:00,opensky_states_20260713_2241.json
AAL2368,34.0206,-117.0828,19275.0006168,409.8401722716,262.15,-1919.2913415,2026-07-13 22:41:31+00:00,opensky_states_20260713_2241.json
N231LE,33.6511,-117.7802,2875.0000919999998,109.1857450033,81.57,960.62992272,2026-07-13 22:41:31+00:00,opensky_states_20260713_2241.json
CXK527,34.0991,-117.9924,4500.000144,101.4103670433,12.53,-383.85826829999996,2026-07-13 22:41:31+00:00,opensky_states_20260713_2241.json
SWA3547,33.3316,-117.9961,22750.000728,410.75377918190003,320.73,1600.3937032200001,2026-07-13 22:41:31+00:00,opensky_states_20260713_2241.json
UAL1591,33.6133,-115.3974,34300.0010976,459.2526992074,91.87,960.62992272,2026-07-13 22:41:31+00:00,opensky_states_20260713_2241.json
QXE2255,33.1316,-117.7985,16675.0005336,368.7861766428,319.4,1728.34645932,2026-07-13 22:41:31+00:00,opensky_states_20260713_2241.json
SWA278,34.5828,-119.1834,24875.000796,358.50323929070004,144.54,-2431.1023658999998,2026-07-13 22:41:31+00:00,opensky_states_20260713_2241.json
N9488G,32.9351,-116.7656,5800.0001856,57.012958891699995,21.61,64.96063002,2026-07-13 22:41:31+00:00,opensky_states_20260713_2241.json
SKW5841,33.9398,-118.359,425.0000136,133.0950322303,262.66,-639.7637804999999,2026-07-13 22:41:31+00:00,opensky_states_20260713_2241.json
N951LB,34.1048,-118.4623,1925.0000616,133.5615549079,101.23,-64.96063002,2026-07-13 22:41:31+00:00,opensky_states_20260713_2241.json
SKW3693,34.6998,-117.5239,17750.000568,364.9568029975,260.54,-2175.1968537000002,2026-07-13 22:41:31+00:00,opensky_states_20260713_2241.json
N4629D,33.1988,-117.4042,1850.0000592,86.0928724621,329.26,0.0,2026-07-13 22:41:31+00:00,opensky_states_20260713_2241.json
SKW108R,34.1701,-117.1022,13700.0004384,297.4276454149,207.43,-767.7165365999999,2026-07-13 22:41:31+00:00,opensky_states_20260713_2241.json
SCX425,34.7136,-116.3778,30875.000988000003,396.52483751510005,234.55,-320.86614222,2026-07-13 22:41:31+00:00,opensky_states_20260713_2241.json
N865SL,34.0288,-118.4359,550.0000176,59.2095031654,232.55,-832.6771666200001,2026-07-13 22:41:31+00:00,opensky_states_20260713_2241.json
N789FA,32.8063,-117.1097,800.0000256,69.2980560685,249.73,-448.81889831999996,2026-07-13 22:41:31+00:00,opensky_states_20260713_2241.json
N2470B,33.9375,-117.6238,2450.0000784,92.85745128730001,131.07,64.96063002,2026-07-13 22:41:31+00:00,opensky_states_20260713_2241.json
CWG200,34.3715,-119.6155,10850.000347199999,296.00863893720003,270.19,-2944.8818942400003,2026-07-13 22:41:31+00:00,opensky_states_20260713_2241.json
SWA3575,35.4968,-115.5603,16975.0005432,392.8315329841,302.31,-64.96063002,2026-07-13 22:41:31+00:00,opensky_states_20260713_2241.json
UAL2823,33.6671,-118.7052,22000.000704000002,438.6673860583,318.79,1856.2992154199999,2026-07-13 22:41:31+00:00,opensky_states_20260713_2241.json
N773MB,34.2065,-116.6622,45350.0014512,487.94384387980006,290.51,64.96063002,2026-07-13 22:41:31+00:00,opensky_states_20260713_2241.json
AAL2656,33.3167,-117.6323,12950.0004144,373.9762414311,302.33,-2816.92913814,2026-07-13 22:41:31+00:00,opensky_states_20260713_2241.json
EJA467,34.619,-116.6457,31900.001020800002,396.9719217478,222.86,0.0,2026-07-13 22:41:31+00:00,opensky_states_20260713_2241.json
N94118,33.8058,-118.1102,1025.0000328,86.112310907,12.75,-639.7637804999999,2026-07-13 22:41:31+00:00,opensky_states_20260713_2241.json
ASA892,32.722,-116.9663,3950.0001264,188.5140386402,162.72,-576.77165442,2026-07-13 22:41:31+00:00,opensky_states_20260713_2241.json
N909AD,33.5801,-117.3588,19725.0006312,416.1965437539,91.79,2688.97638204,2026-07-13 22:41:31+00:00,opensky_states_20260713_2241.json
N524AR,33.9424,-117.4749,1725.0000552,94.859611112,145.3,704.72441052,2026-07-13 22:41:31+00:00,opensky_states_20260713_2241.json
SKW5599,33.1217,-117.3185,2025.0000648,170.7473000016,256.45,767.7165365999999,2026-07-13 22:41:31+00:00,opensky_states_20260713_2241.json
N417SK,34.623,-119.7978,20450.0006544,218.6630666801,324.49,1151.5748049,2026-07-13 22:41:31+00:00,opensky_states_20260713_2241.json
QXE2050,33.1755,-116.3109,17375.000556,384.68682457100005,213.44,-1791.3385853999998,2026-07-13 22:41:31+00:00,opensky_states_20260713_2241.json
N5407F,34.083,-117.8953,3425.0001096,66.479481558,43.78,127.9527561,2026-07-13 22:41:31+00:00,opensky_states_20260713_2241.json
N916FT,35.433,-119.0536,,0.1166306694,225.0,,2026-07-13 22:41:31+00:00,opensky_states_20260713_2241.json
DAL747,34.4605,-116.7634,26475.0008472,386.00863882420003,216.57,-1728.34645932,2026-07-13 22:41:31+00:00,opensky_states_20260713_2241.json
N8151Y,33.2563,-117.5433,5675.0001816,154.30237561619998,128.95,0.0,2026-07-13 22:41:31+00:00,opensky_states_20260713_2241.json
EJA583,35.9623,-119.0445,17825.0005704,405.2138223854,338.88,-2112.20472762,2026-07-13 22:41:31+00:00,opensky_states_20260713_2241.json
XE1183,34.0,-118.5625,3875.0001239999997,175.1015116592,271.96,1535.4330731999999,2026-07-13 22:41:31+00:00,opensky_states_20260713_2241.json
JAL69,34.3543,-119.6203,20875.000668,455.5205177866,313.58,1728.34645932,2026-07-13 22:41:31+00:00,opensky_states_20260713_2241.json
N626LA,32.7178,-116.6824,7275.0002328,276.3174942535,275.61,-1023.6220488,2026-07-13 22:41:31+00:00,opensky_states_20260713_2241.json
SWA4883,35.1081,-119.3849,38125.00122,446.2095026795,306.43,64.96063002,2026-07-13 22:41:31+00:00,opensky_states_20260713_2241.json
N4922D,32.8649,-116.8779,4175.0001336,79.6198703104,64.72,320.86614222,2026-07-13 22:41:31+00:00,opensky_states_20260713_2241.json
N5513L,33.7247,-117.9832,1900.0000608,87.667386499,237.58,0.0,2026-07-13 22:41:31+00:00,opensky_states_20260713_2241.json
ASA760,33.6209,-117.8919,1900.0000608,223.6393085745,186.93,1151.5748049,2026-07-13 22:41:31+00:00,opensky_states_20260713_2241.json
N703CD,35.6475,-115.1938,21175.0006776,350.0280773143,187.55,2047.2440976,2026-07-13 22:41:31+00:00,opensky_states_20260713_2241.json
N773CV,34.172,-118.322,5475.0001752,179.0669544188,110.26,-576.77165442,2026-07-13 22:41:31+00:00,opensky_states_20260713_2241.json
N8034Z,34.2409,-118.473,1400.0000448,112.9956802037,359.49,-127.9527561,2026-07-13 22:41:31+00:00,opensky_states_20260713_2241.json
SKW3093,34.8528,-118.9764,20775.0006648,396.6997835192,329.56,1344.48819102,2026-07-13 22:41:31+00:00,opensky_states_20260713_2241.json
DAL939,34.8924,-116.7745,37200.0011904,490.91792594950005,54.37,-64.96063002,2026-07-13 22:41:31+00:00,opensky_states_20260713_2241.json
N974PA,33.742,-117.0027,1825.0000584,89.0086391971,244.01,-832.6771666200001,2026-07-13 22:41:31+00:00,opensky_states_20260713_2241.json
N703BG,34.6962,-117.8928,21375.000684000002,432.25269924130004,85.62,960.62992272,2026-07-13 22:41:31+00:00,opensky_states_20260713_2241.json
N221RW,34.763,-116.9676,34575.0011064,485.7278611612,85.16,1919.2913415,2026-07-13 22:41:31+00:00,opensky_states_20260713_2241.json
N356CT,32.8449,-116.9213,3525.0001128000004,147.4600430114,67.26,-127.9527561,2026-07-13 22:41:31+00:00,opensky_states_20260713_2241.json
N205GH,35.5267,-119.2725,925.0000296,110.993520379,341.08,-64.96063002,2026-07-13 22:41:31+00:00,opensky_states_20260713_2241.json
IJA55,35.4358,-119.2249,31875.00102,416.79913554579997,336.08,0.0,2026-07-13 22:41:31+00:00,opensky_states_20260713_2241.json
N128JP,33.6866,-117.8177,4050.0001296,207.46652241770002,273.87,-64.96063002,2026-07-13 22:41:31+00:00,opensky_states_20260713_2241.json
PCM7685,32.676,-116.3058,7450.000238400001,164.9935203112,83.74,64.96063002,2026-07-13 22:41:31+00:00,opensky_states_20260713_2241.json
N5383D,34.0386,-118.6087,3725.0001192000004,94.9956802263,270.0,192.91338611999998,2026-07-13 22:41:31+00:00,opensky_states_20260713_2241.json
AFR23G,35.0101,-118.9313,25575.0008184,457.6976236154,330.41,1472.4409471200001,2026-07-13 22:41:31+00:00,opensky_states_20260713_2241.json
N738XD,33.9606,-117.6299,1300.0000416,98.1835851899,93.5,64.96063002,2026-07-13 22:41:31+00:00,opensky_states_20260713_2241.json
DAL2191,32.7638,-117.3156,2975.0000952,238.6069111475,286.31,2431.1023658999998,2026-07-13 22:41:31+00:00,opensky_states_20260713_2241.json
N224LA,34.2455,-118.5779,1200.0000384,48.596112250000004,36.63,127.9527561,2026-07-13 22:41:31+00:00,opensky_states_20260713_2241.json
IBE03ZB,33.9692,-118.0679,5350.0001712,240.62850941710002,263.32,-1216.53543492,2026-07-13 22:41:31+00:00,opensky_states_20260713_2241.json
N26WR,34.5181,-119.0394,12075.000386400001,256.35421134119997,131.84,-64.96063002,2026-07-13 22:41:31+00:00,opensky_states_20260713_2241.json
N48EF,34.1995,-119.0616,2625.0000840000002,88.0950322868,272.6,-64.96063002,2026-07-13 22:41:31+00:00,opensky_states_20260713_2241.json
JBU924,34.2561,-117.5304,25400.0008128,411.9784012106,51.41,448.81889831999996,2026-07-13 22:41:31+00:00,opensky_states_20260713_2241.json
SKW3439,32.8542,-117.2472,9550.0003056,262.14686792140003,145.1,-1279.5275609999999,2026-07-13 22:41:31+00:00,opensky_states_20260713_2241.json
TIV725,35.3904,-116.0184,20525.000656800003,349.2116626285,48.37,-1472.4409471200001,2026-07-13 22:41:31+00:00,opensky_states_20260713_2241.json
N739AT,33.9721,-117.6031,875.0000279999999,68.01511870510001,323.97,-448.81889831999996,2026-07-13 22:41:31+00:00,opensky_states_20260713_2241.json
N9925U,32.9788,-117.0974,4775.0001528,110.4492439218,137.94,-320.86614222,2026-07-13 22:41:31+00:00,opensky_states_20260713_2241.json
N739MH,33.239,-117.4136,2450.0000784,84.9654426579,132.14,-448.81889831999996,2026-07-13 22:41:31+00:00,opensky_states_20260713_2241.json
N734BT,33.2336,-117.3196,1850.0000592,81.8747299188,81.57,511.8110244,2026-07-13 22:41:31+00:00,opensky_states_20260713_2241.json
DAL2172,33.6337,-116.0074,25425.0008136,485.8250533857,44.25,511.8110244,2026-07-13 22:41:31+00:00,opensky_states_20260713_2241.json
N33081,32.6265,-116.9222,2350.0000752,95.1900646753,170.93,-127.9527561,2026-07-13 22:41:31+00:00,opensky_states_20260713_2241.json
N4313F,34.1554,-118.7008,4575.0001464,94.3736499895,170.24,-127.9527561,2026-07-13 22:41:31+00:00,opensky_states_20260713_2241.json
SWA3061,33.8488,-117.4039,8700.0002784,275.9287253555,229.56,-576.77165442,2026-07-13 22:41:31+00:00,opensky_states_20260713_2241.json
N737PM,33.8336,-117.435,3650.0001168,49.9956802828,90.0,-1856.2992154199999,2026-07-13 22:41:31+00:00,opensky_states_20260713_2241.json
N737MH,33.9787,-117.5653,1525.0000488,79.8142547594,254.74,-704.72441052,2026-07-13 22:41:31+00:00,opensky_states_20260713_2241.json
N326LP,34.4569,-118.5136,6600.0002112,111.01295882390001,178.97,-1088.58267882,2026-07-13 22:41:31+00:00,opensky_states_20260713_2241.json
N184AM,35.3891,-118.9986,900.0000288,105.939524705,252.42,-320.86614222,2026-07-13 22:41:31+00:00,opensky_states_20260713_2241.json
N845BY,33.8024,-118.155,975.0000312,87.99784006230001,90.0,0.0,2026-07-13 22:41:31+00:00,opensky_states_20260713_2241.json
N238F,33.7191,-118.1713,2425.0000775999997,92.44924394440001,231.15,-255.9055122,2026-07-13 22:41:31+00:00,opensky_states_20260713_2241.json
UAL2050,33.6168,-115.6292,39350.0012592,424.0691139384,88.92,0.0,2026-07-13 22:41:31+00:00,opensky_states_20260713_2241.json
DLH457,34.271,-118.6387,10700.0003424,325.4190060709,351.7,1023.6220488,2026-07-13 22:41:31+00:00,opensky_states_20260713_2241.json
N809ND,32.8855,-117.0261,2800.0000896,94.66522666300001,328.83,511.8110244,2026-07-13 22:41:31+00:00,opensky_states_20260713_2241.json
N484VC,33.8317,-118.0975,800.0000256,100.49676013300001,95.71,-192.91338611999998,2026-07-13 22:41:31+00:00,opensky_states_20260713_2241.json
SWA2392,35.7045,-115.6801,37300.0011936,480.16846591980004,48.21,-64.96063002,2026-07-13 22:41:31+00:00,opensky_states_20260713_2241.json
N5218F,33.7875,-118.428,2650.0000848,89.55291565430001,209.43,511.8110244,2026-07-13 22:41:31+00:00,opensky_states_20260713_2241.json
N997SD,33.9099,-117.2335,2250.000072,85.27645777629999,230.71,-192.91338611999998,2026-07-13 22:41:31+00:00,opensky_states_20260713_2241.json
N997SE,35.4077,-119.0519,1250.00004,94.8401726671,132.44,-704.72441052,2026-07-13 22:41:31+00:00,opensky_states_20260713_2241.json
SKW6253,34.7305,-115.4388,35250.001128,430.65874675950005,153.38,0.0,2026-07-13 22:41:31+00:00,opensky_states_20260713_2241.json
AUA52,34.376,-118.6626,12625.000404,372.634988733,349.17,960.62992272,2026-07-13 22:41:31+00:00,opensky_states_20260713_2241.json
N953GM,32.842,-117.0592,1225.0000392,85.0626348824,252.2,192.91338611999998,2026-07-13 22:41:31+00:00,opensky_states_20260713_2241.json
N559WJ,35.6684,-119.3143,23800.0007616,328.3347728059,167.87,-895.6692926999999,2026-07-13 22:41:31+00:00,opensky_states_20260713_2241.json
JSX203,35.6734,-115.6302,15550.000497600002,318.5183581314,47.54,-832.6771666200001,2026-07-13 22:41:31+00:00,opensky_states_20260713_2241.json
N961GV,33.7685,-118.286,1150.0000367999999,92.0021597117,307.49,-576.77165442,2026-07-13 22:41:31+00:00,opensky_states_20260713_2241.json
N953LA,33.8971,-118.145,600.0000192,106.4643627173,5.39,64.96063002,2026-07-13 22:41:31+00:00,opensky_states_20260713_2241.json
ENY3565,34.5987,-117.9518,25525.000816800002,411.5507554228,289.89,0.0,2026-07-13 22:41:31+00:00,opensky_states_20260713_2241.json
N25976,34.1222,-118.1644,6750.000216,90.0194383319,268.73,0.0,2026-07-13 22:41:31+00:00,opensky_states_20260713_2241.json
GOJUMP3,33.2011,-117.3988,12925.0004136,123.25917911089999,356.28,1663.3858292999998,2026-07-13 22:41:31+00:00,opensky_states_20260713_2241.json
ASA9720,33.9816,-117.4106,14325.0004584,345.3434120934,262.01,-2112.20472762,2026-07-13 22:41:31+00:00,opensky_states_20260713_2241.json
EJA343,34.4097,-119.0308,19300.000617600002,386.3002154977,144.38,-1856.2992154199999,2026-07-13 22:41:31+00:00,opensky_states_20260713_2241.json
N432R,34.1282,-119.0753,6175.0001976,96.025917806,305.68,-64.96063002,2026-07-13 22:41:31+00:00,opensky_states_20260713_2241.json
JSX8220,33.5131,-118.4669,15450.0004944,374.83153300670006,297.66,1791.3385853999998,2026-07-13 22:41:31+00:00,opensky_states_20260713_2241.json
N805AZ,33.7759,-118.0165,3500.0001119999997,84.05183574760001,57.63,-64.96063002,2026-07-13 22:41:31+00:00,opensky_states_20260713_2241.json
SWA2272,34.2301,-119.2674,40175.0012856,451.7105825862,309.61,0.0,2026-07-13 22:41:31+00:00,opensky_states_20260713_2241.json
N72DM,33.4559,-117.7284,3000.0000959999998,63.9719221659,204.96,-255.9055122,2026-07-13 22:41:31+00:00,opensky_states_20260713_2241.json
SKW5440,33.7834,-117.8355,2275.0000728,178.7559393004,130.46,-960.62992272,2026-07-13 22:41:31+00:00,opensky_states_20260713_2241.json
DAL428,33.9432,-118.473,2075.0000664,191.37149004050002,266.4,1023.6220488,2026-07-13 22:41:31+00:00,opensky_states_20260713_2241.json
N6745P,33.1095,-117.277,1375.0000440000001,95.053995561,1.81,0.0,2026-07-13 22:41:31+00:00,opensky_states_20260713_2241.json
AAL28,33.6629,-118.3171,14025.0004488,356.90928680890005,58.4,2112.20472762,2026-07-13 22:41:31+00:00,opensky_states_20260713_2241.json
DAL2166,34.7596,-117.0667,28525.0009128,482.0345566302,49.04,832.6771666200001,2026-07-13 22:41:31+00:00,opensky_states_20260713_2241.json
N7412J,33.8191,-117.4279,4400.0001408,128.8380127972,285.76,-895.6692926999999,2026-07-13 22:41:31+00:00,opensky_states_20260713_2241.json
N732ZY,34.0729,-118.8976,4600.000147199999,96.84233249180001,286.19,0.0,2026-07-13 22:41:31+00:00,opensky_states_20260713_2241.json
JSX805,34.571,-119.1204,13750.00044,336.01295854140005,114.81,-639.7637804999999,2026-07-13 22:41:31+00:00,opensky_states_20260713_2241.json
N919JR,33.2252,-117.0716,3600.0001152,125.5917924989,159.98,127.9527561,2026-07-13 22:41:31+00:00,opensky_states_20260713_2241.json
N268R,35.4882,-119.8739,9950.0003184,161.3779695598,137.51,127.9527561,2026-07-13 22:41:31+00:00,opensky_states_20260713_2241.json
TAI525,32.6607,-116.146,37250.001191999996,425.3326128569,117.29,0.0,2026-07-13 22:41:31+00:00,opensky_states_20260713_2241.json
N987MT,33.7619,-118.3411,3900.0001248,75.6933044406,15.32,576.77165442,2026-07-13 22:41:31+00:00,opensky_states_20260713_2241.json
SVL3,35.6579,-115.0952,45475.0014552,465.7645782489,310.91,0.0,2026-07-13 22:41:31+00:00,opensky_states_20260713_2241.json
N24CV,33.8144,-118.1714,525.0000168,67.0043195703,270.0,767.7165365999999,2026-07-13 22:41:31+00:00,opensky_states_20260713_2241.json
N277J,33.918,-116.9742,3675.0001176000005,116.1058313877,87.53,-1600.3937032200001,2026-07-13 22:41:31+00:00,opensky_states_20260713_2241.json
ASA380,32.6967,-115.8481,27700.000886399997,417.8682500153,86.3,832.6771666200001,2026-07-13 22:41:31+00:00,opensky_states_20260713_2241.json
N95173,32.6046,-116.943,1900.0000608,80.3002158819,185.0,-192.91338611999998,2026-07-13 22:41:31+00:00,opensky_states_20260713_2241.json
N520KS,33.5465,-117.1331,4825.000154400001,108.05831519910001,191.21,64.96063002,2026-07-13 22:41:31+00:00,opensky_states_20260713_2241.json
RUDY24,32.6913,-117.6659,5100.0001632,178.40604729220001,122.18,0.0,2026-07-13 22:41:31+00:00,opensky_states_20260713_2241.json
N562DB,34.1985,-118.4075,1300.0000416,107.0475160643,91.61,-639.7637804999999,2026-07-13 22:41:31+00:00,opensky_states_20260713_2241.json
N9420E,33.6228,-117.7227,1250.00004,100.302375684,159.58,255.9055122,2026-07-13 22:41:31+00:00,opensky_states_20260713_2241.json
N67657,33.4292,-117.6937,2050.0000656,83.2354210618,321.34,-704.72441052,2026-07-13 22:41:31+00:00,opensky_states_20260713_2241.json
MXY608,34.0983,-117.2402,,8.0086392988,92.81,,2026-07-13 22:41:31+00:00,opensky_states_20260713_2241.json
N1713C,34.353,-119.4825,4550.0001456,134.1835851447,309.86,0.0,2026-07-13 22:41:31+00:00,opensky_states_20260713_2241.json
N38457,32.6202,-116.567,6550.0002096,95.0345571161,81.53,320.86614222,2026-07-13 22:41:31+00:00,opensky_states_20260713_2241.json
N2087E,33.9524,-118.0405,1375.0000440000001,101.8380128311,342.28,-255.9055122,2026-07-13 22:41:31+00:00,opensky_states_20260713_2241.json
JSX304,35.5711,-115.4402,17500.00056,361.8272133686,228.02,960.62992272,2026-07-13 22:41:31+00:00,opensky_states_20260713_2241.json
N838BP,34.2068,-118.9125,4075.0001303999998,83.390928621,202.57,-448.81889831999996,2026-07-13 22:41:31+00:00,opensky_states_20260713_2241.json
N189PA,34.4602,-118.7893,10425.000333599999,208.5939522219,36.81,192.91338611999998,2026-07-13 22:41:31+00:00,opensky_states_20260713_2241.json
ASA1326,32.7826,-117.252,31075.000994399998,429.6673860696,149.97,895.6692926999999,2026-07-13 22:41:31+00:00,opensky_states_20260713_2241.json
WJA1025,34.7822,-118.7748,19825.0006344,460.7883363545,330.49,1088.58267882,2026-07-13 22:41:31+00:00,opensky_states_20260713_2241.json
N94MN,34.2809,-118.6996,4650.0001488,122.5982719843,275.62,-127.9527561,2026-07-13 22:41:31+00:00,opensky_states_20260713_2241.json
SKW3081,34.3166,-117.3839,17325.000554399998,347.4816410324,116.49,-832.6771666200001,2026-07-13 22:41:31+00:00,opensky_states_20260713_2241.json
SHWK413,32.8244,-117.5229,875.0000279999999,127.28293720520001,315.0,-64.96063002,2026-07-13 22:41:31+00:00,opensky_states_20260713_2241.json
SWA3525,32.7298,-117.1898,,6.0064794741,92.81,,2026-07-13 22:41:31+00:00,opensky_states_20260713_2241.json
AAL2883,33.6414,-118.0031,7900.0002528,277.09503204950005,343.0,-704.72441052,2026-07-13 22:41:31+00:00,opensky_states_20260713_2241.json
CNS420,33.8944,-116.7065,12050.0003856,249.62850940579997,45.81,-64.96063002,2026-07-13 22:41:31+00:00,opensky_states_20260713_2241.json
DAL841,35.847,-115.0693,36200.0011584,452.31317437810003,229.12,0.0,2026-07-13 22:41:31+00:00,opensky_states_20260713_2241.json
N5624G,34.1329,-117.6856,3425.0001096,69.8228940808,51.98,448.81889831999996,2026-07-13 22:41:31+00:00,opensky_states_20260713_2241.json
SWA855,33.9451,-116.8473,10900.0003488,310.1987037142,267.97,-576.77165442,2026-07-13 22:41:31+00:00,opensky_states_20260713_2241.json
LS31,32.6427,-117.2691,250.000008,113.326133767,285.88,64.96063002,2026-07-13 22:41:31+00:00,opensky_states_20260713_2241.json
N210BX,34.3564,-117.895,9875.000316,152.3002157915,145.16,0.0,2026-07-13 22:41:31+00:00,opensky_states_20260713_2241.json
SWA3792,34.9081,-119.4703,30675.0009816,385.2894163629,140.9,0.0,2026-07-13 22:41:31+00:00,opensky_states_20260713_2241.json
N2235V,33.8223,-118.1819,775.0000248,79.2311014124,274.34,704.72441052,2026-07-13 22:41:31+00:00,opensky_states_20260713_2241.json
N258QS,34.0052,-117.2084,10550.0003376,351.93304491450004,283.64,0.0,2026-07-13 22:41:31+00:00,opensky_states_20260713_2241.json
ASA1402,33.5647,-118.2219,26300.0008416,465.2397402366,327.64,767.7165365999999,2026-07-13 22:41:31+00:00,opensky_states_20260713_2241.json
N346CP,33.155,-117.3698,3100.0000992,103.5874728721,105.11,-767.7165365999999,2026-07-13 22:41:31+00:00,opensky_states_20260713_2241.json
BT706,32.6935,-117.3942,700.0000224,119.8185743636,303.42,-127.9527561,2026-07-13 22:41:31+00:00,opensky_states_20260713_2241.json
SKW3123,34.7591,-115.3402,31975.0010232,445.6846646672,197.09,0.0,2026-07-13 22:41:31+00:00,opensky_states_20260713_2241.json
N41369,34.177,-118.752,4700.0001504,113.131749318,278.13,127.9527561,2026-07-13 22:41:31+00:00,opensky_states_20260713_2241.json
UAL935,33.9583,-118.1766,3475.0001112,231.706263208,263.06,-1279.5275609999999,2026-07-13 22:41:31+00:00,opensky_states_20260713_2241.json
UPS2463,33.0023,-119.8582,39975.0012792,468.1555069716,79.29,-2816.92913814,2026-07-13 22:41:31+00:00,opensky_states_20260713_2241.json
DAL952,33.4941,-117.9872,6375.000204,281.4492437071,224.42,2431.1023658999998,2026-07-13 22:41:31+00:00,opensky_states_20260713_2241.json
AAL2994,33.7475,-117.0433,28875.000924,433.1079908169,91.32,639.7637804999999,2026-07-13 22:41:31+00:00,opensky_states_20260713_2241.json
WSN10,35.1383,-116.1811,20700.000662399998,311.42332574290003,61.62,-1023.6220488,2026-07-13 22:41:31+00:00,opensky_states_20260713_2241.json
N912PF,33.9062,-117.5689,1975.0000632,94.7041035528,248.31,-1663.3858292999998,2026-07-13 22:41:31+00:00,opensky_states_20260713_2241.json
N4360F,33.363,-117.6301,6200.0001984,110.4298054769,308.01,64.96063002,2026-07-13 22:41:31+00:00,opensky_states_20260713_2241.json
N7128P,33.5451,-117.1004,5750.0001839999995,157.7429803635,129.34,0.0,2026-07-13 22:41:31+00:00,opensky_states_20260713_2241.json
N7085R,33.7102,-117.4489,4650.0001488,105.8228940356,149.31,255.9055122,2026-07-13 22:41:31+00:00,opensky_states_20260713_2241.json
N654T,33.6828,-118.273,2475.0000792,82.92440594339999,33.69,64.96063002,2026-07-13 22:41:31+00:00,opensky_states_20260713_2241.json
UAL1689,34.2798,-116.9227,22925.000733599998,408.2656582347,215.83,-2240.15748372,2026-07-13 22:41:31+00:00,opensky_states_20260713_2241.json
SWA897,32.9285,-115.969,20400.0006528,352.3023753676,319.03,-1600.3937032200001,2026-07-13 22:41:31+00:00,opensky_states_20260713_2241.json
N20115,32.7781,-117.0228,3125.0001,97.8531316266,258.8,-320.86614222,2026-07-13 22:41:31+00:00,opensky_states_20260713_2241.json
